{
  "tab": {
    "imputer_statistics": [
      11.799999237060547,
      5.0,
      156.60000610351562,
      23.0,
      27.450000762939453,
      8.0
    ],
    "scaler_mean": [
      16.36941180018818,
      5.7400000130428985,
      179.29941167270437,
      36.188235294117646,
      33.10352944766774,
      11.441764686125167
    ],
    "scaler_scale": [
      23.855565570705348,
      3.2702113825075125,
      122.89876607999281,
      42.67648315563118,
      19.99047977528738,
      10.63011077437473
    ]
  },
  "cli": {
    "imputer_statistics": [
      16.0,
      7.0,
      9.0,
      4.0,
      66.0,
      37.0,
      6.5,
      0.0,
      0.0,
      0.0
    ],
    "scaler_mean": [
      15.711764705882352,
      6.935294117647059,
      8.776470588235295,
      4.023529411764706,
      62.05882352941177,
      38.24182357788086,
      6.40070588167976,
      0.0,
      0.0,
      0.0
    ],
    "scaler_scale": [
      3.556995155025091,
      2.9568347894866123,
      3.7506908244881574,
      0.35896814829158485,
      15.789686090964922,
      13.46631331907556,
      1.612448478055166,
      1.0,
      1.0,
      1.0
    ]
  }
}